bloque,componente,tipo,pct_si,pct_no,pct_nulo,subzonas_comparables,prima_mediana_pm2_pct
infraestructura,gas_natural,si_no,50.9,38.8,10.3,155,-4.8
infraestructura,agua_corriente,solo_si,61.7,0.0,38.3,153,-0.6
infraestructura,aire_acondicionado,si_no,37.6,52.8,9.6,140,9.1
infraestructura,calefaccion,si_no,22.9,65.7,11.4,119,4.3
infraestructura,acceso_a_internet,solo_si,23.8,0.0,76.2,130,1.8
infraestructura,con_conexion_para_lavarropas,si_no,27.6,55.7,16.7,137,-0.5
infraestructura,ascensor,si_no,61.0,32.5,6.5,153,7.1
amenities,pileta,si_no,13.3,52.2,34.5,77,33.5
amenities,gimnasio,solo_si,7.4,0.0,92.6,54,38.6
amenities,sauna,solo_si,2.4,0.0,97.6,16,35.3
amenities,salon_de_usos_multiples,solo_si,9.8,0.0,90.2,68,29.9
amenities,seguridad,si_no,25.2,38.9,35.9,109,7.7
amenities,parrilla,solo_si,14.4,0.0,85.6,95,26.2
amenities,lavanderia,si_no,24.5,39.0,36.5,119,-1.6
amenities,roof_garden,solo_si,0.6,0.0,99.4,1,34.5
amenities,salon_de_fiestas,solo_si,1.6,0.0,98.4,7,13.9
amenities,playroom,solo_si,1.6,0.0,98.4,8,31.8
atributos,balcon,si_no,55.0,34.8,10.1,157,11.6
atributos,terraza,si_no,14.4,69.8,15.9,102,10.1
atributos,es_frente,derivada,58.9,33.7,7.3,154,1.8
atributos,es_piso_alto,derivada,29.1,36.7,34.2,131,6.6
