barrio,avisos,geocodificados,tasa_ok,mediana_pm2,perdidos
puerto-madero,756,450,0.595,6137.949,306
villa-real,19,12,0.632,2092.5,7
villa-lugano,428,273,0.638,1015.248,155
nueva-pompeya,49,34,0.694,1135.965,15
villa-general-mitre,122,85,0.697,1838.201,37
la-boca,237,172,0.726,1400.0,65
villa-riachuelo,15,11,0.733,1793.103,4
paternal,158,116,0.734,2098.387,42
velez-sarsfield,86,64,0.744,1895.055,22
liniers,377,286,0.759,1866.667,91
versalles,72,56,0.778,1796.226,16
barracas,482,375,0.778,1912.281,107
villa-soldati,41,32,0.78,1033.333,9
barrio-norte,801,629,0.785,2543.86,172
agronomia,56,44,0.786,2224.972,12
villa-luro,392,310,0.791,2222.222,82
floresta,358,284,0.793,1726.364,74
coghlan,190,151,0.795,2790.698,39
villa-del-parque,622,495,0.796,2352.941,127
caballito,2016,1612,0.8,2393.939,404
villa-santa-rita,125,100,0.8,2190.476,25
belgrano,2016,1637,0.812,3084.112,379
retiro,711,580,0.816,2419.355,131
nunez,903,737,0.816,3318.903,166
flores,1274,1044,0.819,1875.0,230
villa-urquiza,1153,945,0.82,2863.068,208
colegiales,603,495,0.821,2960.0,108
parque-avellaneda,102,84,0.824,1514.719,18
recoleta,2016,1669,0.828,2733.333,347
parque-chacabuco,328,273,0.832,2162.603,55
villa-crespo,1022,858,0.84,2400.0,164
mataderos,248,209,0.843,1902.439,39
villa-ortuzar,217,183,0.843,2806.452,34
palermo,2016,1704,0.845,3055.556,312
villa-pueyrredon,237,201,0.848,2533.333,36
chacarita,227,193,0.85,2767.442,34
parque-patricios,195,166,0.851,1716.783,29
almagro,1606,1373,0.855,2150.0,233
monserrat,672,582,0.866,1742.763,90
constitucion,283,246,0.869,1344.086,37
saavedra,424,371,0.875,2837.838,53
villa-devoto,625,547,0.875,2647.059,78
balvanera,1625,1425,0.877,1672.301,200
monte-castro,196,173,0.883,2142.857,23
san-nicolas,785,693,0.883,1785.714,92
san-telmo,611,540,0.884,1985.926,71
boedo,425,393,0.925,2034.007,32
