infraestructura,amenities,atributos,jaccard_vs_base,spearman_gap_vs_base
0.05,0.05,0.9,0.679,0.968
0.05,0.1,0.85,0.677,0.968
0.05,0.15,0.8,0.673,0.968
0.05,0.2,0.75,0.669,0.968
0.05,0.25,0.7,0.668,0.967
0.05,0.3,0.65,0.668,0.967
0.05,0.35,0.6,0.667,0.966
0.05,0.4,0.55,0.663,0.966
0.05,0.45,0.5,0.664,0.965
0.05,0.5,0.45,0.663,0.964
0.05,0.55,0.4,0.667,0.962
0.05,0.6,0.35,0.676,0.961
0.05,0.65,0.3,0.681,0.959
0.05,0.7,0.25,0.678,0.957
0.05,0.75,0.2,0.672,0.955
0.05,0.8,0.15,0.666,0.953
0.05,0.85,0.1,0.669,0.952
0.05,0.9,0.05,0.669,0.95
0.1,0.05,0.85,0.693,0.972
0.1,0.1,0.8,0.692,0.972
0.1,0.15,0.75,0.695,0.972
0.1,0.2,0.7,0.695,0.972
0.1,0.25,0.65,0.694,0.972
0.1,0.3,0.6,0.693,0.972
0.1,0.35,0.55,0.696,0.972
0.1,0.4,0.5,0.706,0.972
0.1,0.45,0.45,0.704,0.972
0.1,0.5,0.4,0.706,0.971
0.1,0.55,0.35,0.71,0.97
0.1,0.6,0.3,0.715,0.969
0.1,0.65,0.25,0.715,0.968
0.1,0.7,0.2,0.711,0.966
0.1,0.75,0.15,0.711,0.964
0.1,0.8,0.1,0.702,0.962
0.1,0.85,0.05,0.701,0.96
0.15,0.05,0.8,0.711,0.976
0.15,0.1,0.75,0.714,0.976
0.15,0.15,0.7,0.713,0.977
0.15,0.2,0.65,0.717,0.977
0.15,0.25,0.6,0.717,0.978
0.15,0.3,0.55,0.721,0.978
0.15,0.35,0.5,0.726,0.979
0.15,0.4,0.45,0.738,0.979
0.15,0.45,0.4,0.739,0.979
0.15,0.5,0.35,0.747,0.979
0.15,0.55,0.3,0.75,0.978
0.15,0.6,0.25,0.76,0.977
0.15,0.65,0.2,0.757,0.976
0.15,0.7,0.15,0.753,0.974
0.15,0.75,0.1,0.745,0.972
0.15,0.8,0.05,0.739,0.969
0.2,0.05,0.75,0.731,0.98
0.2,0.1,0.7,0.741,0.98
0.2,0.15,0.65,0.742,0.981
0.2,0.2,0.6,0.743,0.982
0.2,0.25,0.55,0.75,0.983
0.2,0.3,0.5,0.764,0.984
0.2,0.35,0.45,0.767,0.985
0.2,0.4,0.4,0.775,0.985
0.2,0.45,0.35,0.777,0.986
0.2,0.5,0.3,0.792,0.985
0.2,0.55,0.25,0.799,0.985
0.2,0.6,0.2,0.792,0.984
0.2,0.65,0.15,0.791,0.982
0.2,0.7,0.1,0.779,0.98
0.2,0.75,0.05,0.775,0.978
0.25,0.05,0.7,0.756,0.983
0.25,0.1,0.65,0.767,0.985
0.25,0.15,0.6,0.774,0.986
0.25,0.2,0.55,0.778,0.987
0.25,0.25,0.5,0.786,0.988
0.25,0.3,0.45,0.794,0.989
0.25,0.35,0.4,0.808,0.99
0.25,0.4,0.35,0.817,0.991
0.25,0.45,0.3,0.827,0.991
0.25,0.5,0.25,0.835,0.991
0.25,0.55,0.2,0.834,0.99
0.25,0.6,0.15,0.829,0.989
0.25,0.65,0.1,0.818,0.987
0.25,0.7,0.05,0.812,0.984
0.3,0.05,0.65,0.786,0.987
0.3,0.1,0.6,0.795,0.989
0.3,0.15,0.55,0.802,0.99
0.3,0.2,0.5,0.815,0.992
0.3,0.25,0.45,0.825,0.993
0.3,0.3,0.4,0.839,0.994
0.3,0.35,0.35,0.853,0.995
0.3,0.4,0.3,0.871,0.995
0.3,0.45,0.25,0.879,0.995
0.3,0.5,0.2,0.868,0.995
0.3,0.55,0.15,0.864,0.993
0.3,0.6,0.1,0.85,0.991
0.3,0.65,0.05,0.833,0.989
0.35,0.05,0.6,0.815,0.99
0.35,0.1,0.55,0.827,0.992
0.35,0.15,0.5,0.836,0.994
0.35,0.2,0.45,0.854,0.995
0.35,0.25,0.4,0.878,0.996
0.35,0.3,0.35,0.89,0.997
0.35,0.35,0.3,0.91,0.998
0.35,0.4,0.25,0.916,0.998
0.35,0.45,0.2,0.91,0.998
0.35,0.5,0.15,0.9,0.996
0.35,0.55,0.1,0.878,0.995
0.35,0.6,0.05,0.853,0.992
0.4,0.05,0.55,0.85,0.993
0.4,0.1,0.5,0.859,0.995
0.4,0.15,0.45,0.878,0.996
0.4,0.2,0.4,0.9,0.998
0.4,0.25,0.35,0.916,0.999
0.4,0.3,0.3,0.936,0.999
0.4,0.35,0.25,0.953,1.0
0.4,0.4,0.2,0.951,0.999
0.4,0.45,0.15,0.926,0.998
0.4,0.5,0.1,0.894,0.997
0.4,0.55,0.05,0.865,0.995
0.45,0.05,0.5,0.873,0.995
0.45,0.1,0.45,0.887,0.997
0.45,0.15,0.4,0.913,0.998
0.45,0.2,0.35,0.936,0.999
0.45,0.25,0.3,0.968,1.0
0.45,0.3,0.25,1.0,1.0
0.45,0.35,0.2,0.965,1.0
0.45,0.4,0.15,0.933,0.999
0.45,0.45,0.1,0.905,0.998
0.45,0.5,0.05,0.871,0.996
0.5,0.05,0.45,0.895,0.997
0.5,0.1,0.4,0.916,0.998
0.5,0.15,0.35,0.931,0.999
0.5,0.2,0.3,0.951,0.999
0.5,0.25,0.25,0.96,1.0
0.5,0.3,0.2,0.948,0.999
0.5,0.35,0.15,0.916,0.999
0.5,0.4,0.1,0.897,0.998
0.5,0.45,0.05,0.865,0.996
0.55,0.05,0.4,0.897,0.997
0.55,0.1,0.35,0.905,0.998
0.55,0.15,0.3,0.92,0.998
0.55,0.2,0.25,0.928,0.999
0.55,0.25,0.2,0.924,0.999
0.55,0.3,0.15,0.903,0.998
0.55,0.35,0.1,0.887,0.997
0.55,0.4,0.05,0.857,0.996
0.6,0.05,0.35,0.887,0.996
0.6,0.1,0.3,0.895,0.997
0.6,0.15,0.25,0.897,0.997
0.6,0.2,0.2,0.894,0.997
0.6,0.25,0.15,0.881,0.997
0.6,0.3,0.1,0.865,0.996
0.6,0.35,0.05,0.847,0.995
0.65,0.05,0.3,0.871,0.995
0.65,0.1,0.25,0.873,0.996
0.65,0.15,0.2,0.868,0.996
0.65,0.2,0.15,0.864,0.995
0.65,0.25,0.1,0.856,0.994
0.65,0.3,0.05,0.836,0.993
0.7,0.05,0.25,0.848,0.994
0.7,0.1,0.2,0.85,0.994
0.7,0.15,0.15,0.848,0.993
0.7,0.2,0.1,0.842,0.993
0.7,0.25,0.05,0.827,0.992
0.75,0.05,0.2,0.833,0.992
0.75,0.1,0.15,0.83,0.992
0.75,0.15,0.1,0.827,0.991
0.75,0.2,0.05,0.82,0.99
0.8,0.05,0.15,0.81,0.99
0.8,0.1,0.1,0.804,0.989
0.8,0.15,0.05,0.798,0.989
0.85,0.05,0.1,0.792,0.987
0.85,0.1,0.05,0.781,0.987
0.9,0.05,0.05,0.775,0.985
